1	0	41.5563	-7.4501	74.89999999999999	27.092959349182834
1	200	41.5558	-7.4499	74.0	26.75907876989158
1	400	41.5559	-7.45	73.8	27.092959349182834
2	432	41.5519	-7.4504	76.7	32.43650527773115
1	600	41.552	-7.45	76.0	33.02112203931898
1	800	41.5523	-7.4504	75.8	32.269477946997895
1	1000	41.5524	-7.4505	75.8	32.77056797868145
1	1200	41.5524	-7.4505	75.8	32.77056797868145
1	1400	41.5555	-7.4454	79.5	32.269477946997895
1	1600	41.5576	-7.4526	85.7	32.52001994801603
1	1800	41.557	-7.4563	88.8	33.355203500692184
1	2000	41.5581	-7.4513	85.2	32.43650527773115
1	2200	41.5578	-7.4517	84.89999999999999	32.93760334909043
1	2400	41.5578	-7.4517	84.7	33.188161429893114
1	2600	41.5578	-7.4517	84.8	32.93760334909043
1	2800	41.5581	-7.4511	84.39999999999999	32.93760334909043
1	3000	41.558	-7.4508	84.2	32.93760334909043
1	3200	41.5579	-7.4508	84.1	33.02112203931898
1	3400	41.5579	-7.4507	84.2	33.43872554120929
1	3600	41.5579	-7.4507	84.2	32.93760334909043
1	3800	41.5578	-7.4506	84.1	33.104641399581624
1	4000	41.5576	-7.4504	84.0	33.188161429893114
1	4200	41.5573	-7.4503	83.89999999999999	32.68705129847641
1	4400	41.5532	-7.4529	81.89999999999999	33.104641399581624
1	4600	41.5548	-7.4542	83.7	33.52224825181954
1	4800	41.5551	-7.4522	83.8	33.939871856686345
1	5000	41.5536	-7.4524	82.5	33.188161429893114
1	5200	41.5516	-7.4524	81.3	33.7728204043273
1	5400	41.5514	-7.452	81.0	33.68929568336378
1	5600	41.5519	-7.4514	81.6	33.52224825181954
1	5800	41.5521	-7.4514	81.1	33.68929568336378
1	6000	41.5521	-7.4512	80.8	33.7728204043273
1	6200	41.5522	-7.4511	80.6	33.52224825181954
1	6400	41.5523	-7.4509	80.2	33.52224825181954
1	6600	41.5524	-7.4507	79.7	33.939871856686345
1	6800	41.5519	-7.4504	79.1	34.023398588106474
1	7000	41.552	-7.4501	78.89999999999999	34.52457305077841
1	7200	41.5513	-7.4491	76.39999999999999	34.52457305077841
1	7400	41.5533	-7.4503	75.89999999999999	35.192843202090664
1	7600	41.5534	-7.4504	75.8	35.44345556920854
1	7800	41.5534	-7.4505	75.6	35.44345556920854
1	8000	41.5535	-7.4508	75.2	35.61053383250361
1	8200	41.5526	-7.4513	72.7	34.85870276405539
1	8400	41.5525	-7.4511	72.7	35.02577164242902
1	8600	41.5525	-7.4512	72.7	35.44345556920854
1	8800	41.5526	-7.4513	72.6	35.359917443133824
1	9000	41.5528	-7.4517	72.7	35.61053383250361
1	9200	41.5537	-7.4527	73.6	35.69407396975843
1	9400	41.5538	-7.4528	73.6	35.86115625552689
1	9600	41.5554	-7.4552	75.0	35.86115625552689
1	9800	41.5556	-7.4552	75.0	35.61053383250361
1	10000	41.5556	-7.4553	75.0	36.529512217239116
1	10200	41.5552	-7.4558	74.89999999999999	36.947256485401276
1	10400	41.5552	-7.4559	74.89999999999999	36.445965375268116
1	10600	41.5549	-7.4559	74.7	36.195328872463385
1	10800	41.5546	-7.4558	74.39999999999999	36.69660791280416
1	11000	41.5541	-7.4557	73.8	37.030807350780776
1	11200	41.5538	-7.4555	73.2	36.529512217239116
1	11400	41.5538	-7.4555	73.2	37.28146397062798
1	11600	41.5539	-7.4555	73.2	37.532126626294186
1	11800	41.5539	-7.4555	73.2	37.28146397062798
1	12000	41.5538	-7.4554	73.1	37.030807350780776
1	12200	41.5536	-7.4553	72.89999999999999	37.615682186199024
1	12400	41.5532	-7.455	72.7	38.033470046373054
1	12600	41.5531	-7.4547	72.5	37.532126626294186
1	12800	41.5531	-7.4547	72.39999999999999	37.86635289012426
1	13000	41.5529	-7.4545	72.2	38.61840122264606
1	13200	41.5529	-7.4544	72.2	38.28415081143537
1	13400	41.5525	-7.4536	71.6	38.28415081143537
1	13600	41.5521	-7.4528	71.2	38.53483761361599
1	13800	41.5509	-7.4481	69.89999999999999	38.36771240802541
1	14000	41.5509	-7.4476	69.8	39.37050389311575
1	14200	41.5525	-7.4468	68.0	38.869096074823034
1	14400	41.5534	-7.4437	66.5	38.869096074823034
1	14600	41.5554	-7.4494	77.0	38.95266236727709
1	14800	41.5563	-7.4512	75.0	38.869096074823034
1	15000	41.5582	-7.4546	77.5	38.451274675412385
1	15200	41.5571	-7.4519	79.1	39.78836219263305
1	15400	41.551	-7.442	81.2	39.454074211079835
2	15422	39.7952	-6.2492	-0.5999999999999979	-21.45758609023293
2	15532	39.7953	-6.249	-0.1999999999999993	-21.540669136475117
2	15534	39.7952	-6.2491	-0.09999999999999787	-21.291418011009217
2	15536	39.795	-6.2481	0.3000000000000007	-21.540669136475117
2	15538	39.7949	-6.2475	0.5	-21.291418011009217
2	15540	39.7947	-6.2473	0.10000000000000142	-22.039153507382846
2	15542	39.7947	-6.2476	-0.1999999999999993	-21.706833242259528
2	15544	39.7946	-6.2479	-0.3000000000000007	-21.540669136475117
2	15548	39.7945	-6.2483	-0.09999999999999787	-21.540669136475117
2	15550	39.7944	-6.2481	0.10000000000000142	-21.62375152047414
2	15552	39.7946	-6.2479	0.40000000000000213	-21.789914301831278
2	15554	39.7948	-6.2477	0.6000000000000014	-21.540669136475117
2	15558	39.7959	-6.2474	1.0	-21.540669136475117
2	15560	39.7959	-6.2478	1.6000000000000014	-21.789914301831278
2	15566	39.7964	-6.2484	1.9000000000000021	-21.540669136475117
2	15572	39.7957	-6.248	2.0	-21.291418011009217
2	15576	39.7955	-6.2477	2.1000000000000014	-21.706833242259528
2	15578	39.7953	-6.2474	2.400000000000002	-21.87299469919924
2	15580	39.7953	-6.2473	2.6000000000000014	-22.122231918228017
2	15582	39.7951	-6.2471	3.0	-21.540669136475117
2	15584	39.795	-6.2469	3.1999999999999993	-21.45758609023293
2	15586	39.7948	-6.2468	3.3000000000000007	-21.789914301831278
2	15588	39.7948	-6.2468	3.5	-22.288386753454642
2	15590	39.7948	-6.2469	3.6000000000000014	-21.789914301831278
2	15592	39.7946	-6.2469	3.5	-21.789914301831278
2	15594	39.7943	-6.2466	3.3000000000000007	-21.20833297798832
2	15596	39.7942	-6.2463	3.400000000000002	-21.540669136475117
1	15600	39.7936	-6.2462	3.6999999999999993	-21.540669136475117
2	15602	39.7931	-6.2457	4.199999999999999	-21.789914301831278
2	15606	39.7929	-6.2453	4.100000000000001	-21.45758609023293
2	15614	39.7915	-6.2451	4.300000000000001	-21.291418011009217
2	15616	39.7912	-6.2456	4.600000000000001	-21.45758609023293
2	15618	39.7906	-6.2456	5.100000000000001	-21.291418011009217
2	15622	39.7897	-6.2453	5.800000000000001	-21.20833297798832
2	15624	39.7893	-6.2459	6.199999999999999	-21.291418011009217
2	15626	39.7887	-6.2464	6.400000000000002	-21.291418011009217
2	15628	39.788	-6.2469	6.600000000000001	-21.291418011009217
2	15630	39.7876	-6.2466	6.900000000000002	-22.039153507382846
2	15632	39.7874	-6.2459	7.199999999999999	-21.291418011009217
2	15634	39.7874	-6.2453	7.400000000000002	-21.20833297798832
2	15636	39.7873	-6.245	8.600000000000001	-21.789914301831278
2	15638	39.7872	-6.2447	9.3	-22.537614040371494
2	15640	39.7868	-6.2446	9.5	-21.706833242259528
2	15642	39.7868	-6.2443	10.100000000000001	-21.789914301831278
2	15652	39.7866	-6.2439	10.600000000000001	-21.291418011009217
2	15654	39.7865	-6.2446	11.400000000000002	-21.540669136475117
2	15656	39.7867	-6.2447	11.900000000000002	-21.45758609023293
2	15658	39.7866	-6.2449	12.100000000000001	-21.291418011009217
2	15660	39.7865	-6.2453	13.400000000000002	-22.039153507382846
2	15662	39.7867	-6.2454	14.5	-21.956074434373253
2	15664	39.7868	-6.2454	14.900000000000002	-21.789914301831278
2	15666	39.7867	-6.2454	15.099999999999998	-21.956074434373253
2	15668	39.7865	-6.2454	15.599999999999998	-21.706833242259528
2	15670	39.7864	-6.2455	16.7	-21.789914301831278
2	15672	39.7863	-6.2455	17.099999999999998	-21.20833297798832
2	15674	39.7862	-6.2455	17.599999999999998	-21.291418011009217
2	15676	39.7863	-6.2456	18.3	-21.706833242259528
2	15678	39.7869	-6.2453	18.500000000000004	-21.956074434373253
2	15688	39.7872	-6.2454	18.099999999999998	-21.45758609023293
2	15690	39.7873	-6.2455	17.599999999999998	-21.956074434373253
2	15696	39.7879	-6.2449	18.099999999999998	-22.205309666908775
2	15702	39.7882	-6.2448	18.400000000000002	-21.706833242259528
2	15706	39.788	-6.2451	18.7	-21.706833242259528
2	15712	39.7886	-6.2453	19.000000000000004	-21.956074434373253
2	15714	39.7889	-6.2451	18.8	-21.789914301831278
2	15718	39.789	-6.2447	18.500000000000004	-21.291418011009217
2	15720	39.7889	-6.2445	18.8	-21.789914301831278
2	15722	39.7897	-6.2435	18.3	-22.039153507382846
2	15724	39.7906	-6.243	18.099999999999998	-22.039153507382846
2	15732	39.7908	-6.2427	18.3	-21.789914301831278
2	15734	39.7909	-6.2425	18.900000000000002	-22.205309666908775
2	15736	39.7909	-6.2424	19.500000000000004	-21.706833242259528
2	15738	39.7913	-6.2422	19.7	-21.789914301831278
2	15754	39.7919	-6.242	19.500000000000004	-21.540669136475117
2	15756	39.7919	-6.2419	19.2	-21.789914301831278
2	15758	39.7919	-6.2418	19.000000000000004	-22.205309666908775
2	15760	39.7918	-6.2416	18.8	-21.291418011009217
2	15762	39.7917	-6.2415	18.400000000000002	-21.956074434373253
2	15772	39.7915	-6.2416	18.2	-21.789914301831278
2	15774	39.7911	-6.2418	17.900000000000002	-21.706833242259528
2	15776	39.7906	-6.2417	17.500000000000004	-21.042160925108753
2	15778	39.7901	-6.2414	17.099999999999998	-22.039153507382846
2	15780	39.79	-6.241	16.599999999999998	-22.288386753454642
2	15782	39.79	-6.2408	16.000000000000004	-21.789914301831278
2	15784	39.7897	-6.2407	15.599999999999998	-21.789914301831278
2	15786	39.7898	-6.2406	14.400000000000002	-21.540669136475117
2	15788	39.7906	-6.2403	13.900000000000002	-22.371463177875462
2	15790	39.7917	-6.2401	13.2	-21.789914301831278
2	15792	39.7922	-6.2402	12.7	-22.205309666908775
2	15798	39.7923	-6.2403	12.400000000000002	-21.789914301831278
1	15800	39.7923	-6.2403	12.400000000000002	-22.205309666908775
2	15810	39.7925	-6.2402	12.0	-21.956074434373253
2	15818	39.7934	-6.2405	11.5	-22.786835368448386
2	15820	39.7936	-6.2403	11.7	-21.956074434373253
2	15832	39.7938	-6.2407	11.900000000000002	-22.537614040371494
2	15834	39.7939	-6.2412	12.2	-22.537614040371494
2	15836	39.794	-6.2416	12.5	-23.036050737990465
2	15838	39.7941	-6.2419	12.7	-22.45453894018108
2	15842	39.7938	-6.242	13.100000000000001	-22.45453894018108
2	15850	39.7935	-6.2425	13.0	-22.869907820335484
2	15854	39.7945	-6.2423	12.5	-22.786835368448386
2	15858	39.7953	-6.2425	12.600000000000001	-22.45453894018108
2	15862	39.7954	-6.2423	13.0	-22.45453894018108
2	15864	39.7953	-6.2426	13.2	-22.288386753454642
2	15866	39.7956	-6.2426	13.0	-22.786835368448386
2	15872	39.7967	-6.2425	12.5	-21.956074434373253
2	15874	39.7969	-6.2425	12.2	-21.956074434373253
2	15876	39.7968	-6.2428	11.8	-22.039153507382846
2	15878	39.7969	-6.243	11.400000000000002	-22.537614040371494
2	15880	39.797	-6.2433	10.900000000000002	-22.703762254495306
2	15882	39.7975	-6.2432	10.5	-22.45453894018108
2	15884	39.7978	-6.2432	10.0	-22.039153507382846
2	15886	39.7981	-6.243	9.900000000000002	-22.205309666908775
2	15888	39.7985	-6.2425	9.8	-22.288386753454642
2	15890	39.7985	-6.2426	9.7	-22.45453894018108
2	15892	39.7992	-6.2423	9.5	-21.789914301831278
2	15894	39.7994	-6.2422	9.3	-22.039153507382846
2	15896	39.7993	-6.2423	9.2	-22.039153507382846
2	15898	39.7994	-6.2424	9.100000000000001	-22.45453894018108
2	15900	39.7995	-6.2425	8.900000000000002	-21.956074434373253
2	15902	39.7993	-6.2424	8.8	-22.288386753454642
2	15904	39.7996	-6.2423	8.600000000000001	-22.288386753454642
2	15906	39.8	-6.2424	8.400000000000002	-21.87299469919924
2	15908	39.8005	-6.2428	8.2	-21.706833242259528
2	15910	39.8008	-6.243	8.0	-21.956074434373253
2	15912	39.8005	-6.2432	7.900000000000002	-23.036050737990465
2	15914	39.7997	-6.2436	7.699999999999999	-22.45453894018108
2	15916	39.7995	-6.244	7.5	-21.87299469919924
2	15918	39.7995	-6.2442	7.400000000000002	-22.039153507382846
2	15920	39.7996	-6.2446	7.300000000000001	-22.288386753454642
2	15922	39.7992	-6.2449	7.0	-22.703762254495306
2	15924	39.7987	-6.2449	6.800000000000001	-22.45453894018108
2	15926	39.7987	-6.2448	6.600000000000001	-22.786835368448386
2	15928	39.799	-6.2449	6.300000000000001	-22.703762254495306
2	15930	39.7996	-6.2449	6.100000000000001	-22.703762254495306
2	15934	39.8012	-6.2444	5.900000000000002	-22.45453894018108
2	15936	39.8016	-6.244	5.699999999999999	-22.786835368448386
2	15938	39.802	-6.2436	5.5	-22.703762254495306
2	15940	39.8022	-6.2434	5.400000000000002	-21.956074434373253
2	15946	39.8019	-6.244	5.5	-22.703762254495306
2	15948	39.8017	-6.2442	5.600000000000001	-22.205309666908775
2	15952	39.8024	-6.2443	5.5	-22.039153507382846
2	15954	39.8025	-6.2443	5.400000000000002	-22.288386753454642
2	15956	39.8026	-6.2441	5.300000000000001	-22.786835368448386
2	15960	39.8023	-6.2434	5.199999999999999	-22.288386753454642
2	15962	39.8029	-6.2432	5.0	-22.205309666908775
2	15964	39.8041	-6.2432	4.699999999999999	-22.45453894018108
2	15966	39.8049	-6.243	4.5	-22.537614040371494
2	15968	39.8051	-6.2428	4.300000000000001	-22.703762254495306
2	15972	39.8052	-6.2426	4.199999999999999	-22.45453894018108
2	15974	39.8051	-6.2426	4.100000000000001	-22.45453894018108
2	15976	39.8051	-6.2426	4.0	-22.205309666908775
2	15978	39.805	-6.2427	3.900000000000002	-22.039153507382846
2	15980	39.8049	-6.2427	3.8000000000000007	-22.703762254495306
2	15982	39.805	-6.2428	3.5	-22.205309666908775
2	15984	39.8051	-6.243	3.3000000000000007	-22.45453894018108
2	15986	39.8051	-6.2432	3.0	-22.45453894018108
2	15988	39.8047	-6.2433	2.6999999999999993	-22.703762254495306
2	15990	39.8039	-6.2433	2.400000000000002	-22.45453894018108
2	15992	39.803	-6.2436	2.1999999999999993	-22.703762254495306
2	15994	39.803	-6.2436	1.9000000000000021	-22.45453894018108
2	15998	39.8019	-6.244	1.8000000000000007	-22.039153507382846
1	16000	39.8017	-6.2442	1.8000000000000007	-22.205309666908775
2	16002	39.8012	-6.2443	1.9000000000000021	-22.537614040371494
2	16016	39.8014	-6.2444	2.0	-22.205309666908775
2	16124	39.8013	-6.2445	1.9000000000000021	-22.45453894018108
2	16138	39.8009	-6.2445	1.1000000000000014	-21.789914301831278
2	16152	39.8003	-6.2441	1.0	-22.039153507382846
2	16154	39.8004	-6.2439	0.6999999999999993	-22.039153507382846
2	16156	39.8006	-6.2438	0.6000000000000014	-22.205309666908775
2	16158	39.8008	-6.2439	0.1999999999999993	-22.45453894018108
2	16160	39.8006	-6.244	-0.1999999999999993	-22.703762254495306
2	16162	39.801	-6.2442	-0.8000000000000007	-22.039153507382846
2	16164	39.8004	-6.2442	-1.5	-22.537614040371494
2	16166	39.8001	-6.244	-2.0	-22.288386753454642
2	16168	39.7998	-6.2439	-3.0999999999999996	-22.537614040371494
2	16170	39.8004	-6.2442	-4.199999999999999	-23.119121203778032
2	16172	39.8009	-6.2448	-4.799999999999999	-22.45453894018108
2	16174	39.8007	-6.2453	-5.399999999999999	-22.45453894018108
2	16176	39.799	-6.2454	-6.0	-22.288386753454642
2	16178	39.7981	-6.2458	-6.5	-22.45453894018108
2	16180	39.7971	-6.2462	-7.299999999999999	-22.703762254495306
2	16182	39.7964	-6.2464	-7.6	-22.537614040371494
2	16184	39.7964	-6.2466	-8.0	-22.45453894018108
2	16186	39.7961	-6.2468	-7.799999999999999	-22.703762254495306
2	16188	39.7963	-6.2474	-8.1	-22.786835368448386
2	16190	39.7964	-6.2482	-8.5	-22.537614040371494
2	16192	39.7964	-6.2486	-8.7	-22.786835368448386
2	16194	39.7962	-6.249	-9.0	-22.288386753454642
2	16196	39.7958	-6.2493	-9.799999999999999	-22.620688478476236
2	16198	39.7956	-6.2495	-10.799999999999999	-22.45453894018108
1	16200	39.796	-6.2497	-11.899999999999999	-22.869907820335484
2	16202	39.7961	-6.2501	-12.799999999999999	-22.205309666908775
2	16204	39.7958	-6.2506	-13.7	-22.537614040371494
2	16206	39.7949	-6.2508	-14.399999999999999	-22.205309666908775
2	16214	39.7956	-6.25	-15.0	-22.537614040371494
2	16220	39.7955	-6.249	-15.299999999999999	-22.205309666908775
2	16222	39.7955	-6.2488	-15.6	-22.537614040371494
2	16226	39.7945	-6.2482	-15.799999999999999	-23.036050737990465
2	16228	39.794	-6.2483	-16.2	-22.205309666908775
2	16230	39.7933	-6.2482	-16.5	-22.205309666908775
2	16232	39.7933	-6.2483	-16.9	-22.620688478476236
2	16234	39.7936	-6.2488	-17.3	-22.620688478476236
2	16236	39.7939	-6.2494	-17.8	-22.205309666908775
2	16238	39.7941	-6.2498	-18.099999999999998	-22.205309666908775
2	16240	39.794	-6.2502	-18.7	-22.205309666908775
2	16242	39.7939	-6.2504	-19.0	-22.869907820335484
2	16244	39.7934	-6.2508	-19.8	-22.869907820335484
2	16252	39.7953	-6.2494	-19.099999999999998	-22.371463177875462
1	16400	39.7961	-6.2472	-18.9	-22.869907820335484
2	16450	39.7947	-6.2466	-19.0	-22.45453894018108
2	16544	39.7949	-6.2467	-19.099999999999998	-21.540669136475117
2	16550	39.7956	-6.2466	-18.8	-22.537614040371494
2	16552	39.7958	-6.2463	-18.599999999999998	-22.205309666908775
2	16558	39.7952	-6.2459	-18.3	-22.205309666908775
2	16560	39.795	-6.2457	-17.9	-21.956074434373253
2	16564	39.7944	-6.2452	-17.599999999999998	-22.122231918228017
2	16568	39.7941	-6.2452	-18.0	-22.371463177875462
2	16574	39.7934	-6.245	-18.3	-22.371463177875462
2	16576	39.7932	-6.2449	-17.8	-21.956074434373253
2	16578	39.7931	-6.2449	-17.599999999999998	-22.371463177875462
2	16586	39.7927	-6.2455	-17.5	-21.956074434373253
2	16590	39.7925	-6.2456	-17.2	-22.786835368448386
2	16594	39.792	-6.2453	-17.0	-21.706833242259528
2	16598	39.792	-6.2452	-17.099999999999998	-21.956074434373253
1	16600	39.7922	-6.2455	-17.4	-22.537614040371494
2	16602	39.7923	-6.2457	-17.7	-22.122231918228017
2	16610	39.7929	-6.246	-18.099999999999998	-22.45453894018108
2	16628	39.794	-6.2465	-18.099999999999998	-22.45453894018108
2	16632	39.7942	-6.2467	-18.2	-22.205309666908775
2	16634	39.7945	-6.2469	-18.4	-22.45453894018108
2	16640	39.7946	-6.247	-18.599999999999998	-21.956074434373253
2	16642	39.7946	-6.2471	-18.8	-22.45453894018108
2	16644	39.7945	-6.2471	-18.599999999999998	-22.952979610186123
2	16648	39.7943	-6.2473	-18.5	-22.45453894018108
2	16650	39.7944	-6.2472	-18.7	-22.288386753454642
2	16652	39.7944	-6.2474	-18.9	-22.205309666908775
2	16654	39.7943	-6.2477	-19.099999999999998	-22.288386753454642
2	16658	39.7945	-6.2476	-19.5	-22.537614040371494
2	16660	39.794	-6.2476	-19.7	-22.288386753454642
2	16672	39.7935	-6.2464	-19.4	-22.039153507382846
2	16674	39.7932	-6.2462	-19.2	-22.45453894018108
2	16692	39.7931	-6.2453	-19.4	-22.45453894018108
2	16694	39.7934	-6.245	-19.099999999999998	-22.620688478476236
2	16702	39.7938	-6.2451	-19.3	-22.288386753454642
2	16704	39.7938	-6.2453	-19.7	-22.45453894018108
2	16706	39.7935	-6.2454	-19.9	-22.039153507382846
2	16716	39.7938	-6.2441	-19.599999999999998	-22.288386753454642
2	16726	39.793	-6.2441	-19.7	-22.205309666908775
2	16728	39.793	-6.244	-19.5	-22.288386753454642
2	16730	39.7929	-6.2437	-19.2	-22.205309666908775
2	16770	39.7965	-6.2462	-19.8	-22.288386753454642
2	16794	39.7966	-6.2466	-19.8	-22.786835368448386
1	16800	39.797	-6.2463	-19.7	-23.451396446947626
1	17000	39.797	-6.246	-19.7	-22.786835368448386
2	17012	39.7961	-6.2464	-19.5	-22.537614040371494
2	17020	39.7949	-6.2472	-19.7	-22.952979610186123
2	17024	39.7948	-6.2474	-19.599999999999998	-22.45453894018108
2	17028	39.7946	-6.2474	-19.2	-22.703762254495306
2	17030	39.7946	-6.2475	-19.0	-22.537614040371494
2	17032	39.7951	-6.2474	-18.7	-23.036050737990465
2	17034	39.7953	-6.2473	-18.4	-22.952979610186123
2	17036	39.7955	-6.2471	-17.7	-22.703762254495306
2	17038	39.7958	-6.2471	-17.099999999999998	-23.036050737990465
2	17040	39.7961	-6.2471	-16.8	-22.786835368448386
2	17042	39.7962	-6.2472	-16.5	-22.786835368448386
2	17044	39.7962	-6.2474	-16.2	-22.952979610186123
2	17046	39.7962	-6.2472	-15.799999999999999	-22.45453894018108
2	17048	39.7962	-6.2469	-15.6	-22.786835368448386
2	17050	39.7963	-6.2468	-15.299999999999999	-22.45453894018108
2	17052	39.7963	-6.2467	-15.1	-22.952979610186123
2	17054	39.7961	-6.2464	-14.7	-22.786835368448386
2	17056	39.7959	-6.2458	-14.399999999999999	-22.537614040371494
2	17058	39.7957	-6.2452	-14.0	-22.952979610186123
1	17200	39.7957	-6.2451	-14.2	-22.620688478476236
2	17344	39.7957	-6.2444	-14.5	-22.786835368448386
2	17346	39.7955	-6.2441	-14.799999999999999	-22.288386753454642
2	17348	39.7955	-6.2441	-15.0	-22.122231918228017
2	17350	39.7953	-6.2442	-15.5	-22.122231918228017
2	17352	39.7956	-6.244	-15.7	-22.039153507382846
2	17366	39.7946	-6.2416	-16.5	-22.371463177875462
2	17370	39.7948	-6.2394	-15.899999999999999	-21.956074434373253
2	17372	39.7952	-6.2384	-14.899999999999999	-22.288386753454642
2	17374	39.7953	-6.2368	-13.799999999999999	-22.039153507382846
2	17376	39.7952	-6.2357	-13.2	-22.288386753454642
2	17392	39.7953	-6.2352	-13.6	-21.789914301831278
1	17400	39.7955	-6.2354	-13.7	-22.786835368448386
2	17404	39.7959	-6.2357	-13.5	-22.288386753454642
2	17408	39.7959	-6.2357	-13.299999999999999	-22.952979610186123
2	17438	39.7959	-6.2361	-13.6	-22.703762254495306
2	17440	39.7958	-6.2365	-13.399999999999999	-22.371463177875462
2	17448	39.7958	-6.2364	-13.5	-22.952979610186123
2	17452	39.7959	-6.2363	-13.7	-22.620688478476236
2	17506	39.7958	-6.2361	-14.0	-22.620688478476236
2	17512	39.7964	-6.2341	-14.399999999999999	-22.952979610186123
2	17520	39.8003	-6.2328	-14.7	-22.371463177875462
2	17524	39.8033	-6.2329	-14.399999999999999	-22.786835368448386
2	17526	39.8046	-6.2329	-14.6	-23.202191007558675
2	17528	39.8057	-6.2327	-14.899999999999999	-22.122231918228017
2	17530	39.8068	-6.2316	-15.2	-22.620688478476236
2	17532	39.8075	-6.2302	-15.5	-23.036050737990465
2	17568	39.8112	-6.2362	-15.399999999999999	-22.620688478476236
2	17572	39.8121	-6.2388	-15.1	-23.036050737990465
1	17600	39.8121	-6.2387	-15.0	-23.949789453005145
2	17644	39.8123	-6.2386	-14.6	-22.703762254495306
2	17646	39.8123	-6.2383	-14.1	-23.119121203778032
2	17648	39.8123	-6.2377	-13.399999999999999	-23.119121203778032
2	17652	39.813	-6.2372	-13.1	-22.288386753454642
2	17666	39.8235	-6.2245	-12.899999999999999	-22.205309666908775
2	17668	39.8241	-6.2192	-13.299999999999999	-21.956074434373253
2	17670	39.8243	-6.2137	-13.6	-22.537614040371494
2	17672	39.8246	-6.2081	-14.2	-23.036050737990465
2	17678	39.8285	-6.1974	-14.0	-21.956074434373253
2	17680	39.8307	-6.1966	-13.7	-22.537614040371494
2	17682	39.8317	-6.1968	-13.299999999999999	-22.869907820335484
2	17684	39.8323	-6.197	-13.1	-22.786835368448386
2	17700	39.8326	-6.1972	-12.799999999999999	-22.288386753454642
2	17702	39.8334	-6.1971	-12.6	-22.288386753454642
2	17704	39.8347	-6.1965	-12.399999999999999	-22.703762254495306
2	17706	39.8365	-6.1947	-12.2	-22.039153507382846
2	17724	39.8376	-6.1128	-12.2	-21.789914301831278
2	17728	39.8374	-6.0919	-12.0	-22.039153507382846
2	17734	39.8361	-6.0632	-12.299999999999999	-21.37450238174758
2	17736	39.8356	-6.0547	-12.7	-21.45758609023293
2	17738	39.8352	-6.0467	-13.0	-20.95907390520087
2	17740	39.8351	-6.0389	-13.399999999999999	-20.543628870714674
2	17744	39.8374	-6.0225	-13.299999999999999	-19.79578607791591
2	17746	39.8394	-6.0145	-13.1	-19.79578607791591
2	17748	39.8414	-6.0065	-12.5	-19.04788962399025
2	17750	39.8432	-5.9988	-11.6	-18.216830617730498
2	17752	39.8449	-5.9919	-11.2	-18.133721072410644
2	17754	39.8471	-5.9859	-10.799999999999999	-18.133721072410644
2	17756	39.8501	-5.9811	-10.399999999999999	-18.71547397322161
2	17766	39.8759	-5.9831	-10.1	-17.8843884600785
2	17770	39.888	-5.9872	-9.7	-18.466155277494646
2	17772	39.894	-5.989	-9.5	-18.632368403969203
2	17774	39.8998	-5.9907	-9.2	-18.632368403969203
2	17776	39.9053	-5.9924	-9.0	-19.29719440484444
2	17778	39.9107	-5.994	-8.799999999999999	-18.216830617730498
2	17780	39.9154	-5.9953	-8.6	-19.04788962399025
2	17782	39.9195	-5.9963	-8.299999999999999	-19.04788962399025
2	17784	39.9226	-5.9969	-8.1	-19.463394279289822
2	17786	39.9247	-5.9974	-7.899999999999999	-19.62959150361089
2	17788	39.9258	-5.9976	-7.6	-19.463394279289822
2	17790	39.9261	-5.9976	-7.5	-19.62959150361089
2	17792	39.9261	-5.9977	-7.6	-19.62959150361089
1	17800	39.9261	-5.9977	-7.6	-18.79857887983712
2	17818	39.9261	-5.9976	-7.699999999999999	-19.79578607791591
2	17882	39.9261	-5.9976	-7.799999999999999	-19.546493222714666
2	17892	39.9262	-5.9973	-8.1	-19.878882371334555
2	17894	39.927	-5.9971	-8.399999999999999	-19.13099188018615
2	17896	39.929	-5.9972	-8.6	-19.878882371334555
2	17898	39.932	-5.9976	-9.1	-19.04788962399025
2	17900	39.9361	-5.9981	-9.5	-19.04788962399025
2	17902	39.9411	-5.9988	-9.799999999999999	-18.216830617730498
2	17904	39.9468	-5.9998	-10.0	-18.216830617730498
2	17908	39.9597	-6.0032	-10.299999999999999	-17.96749999359449
2	17910	39.9668	-6.0067	-10.6	-18.299939500344554
2	17920	40.0008	-6.0398	-11.0	-18.881683123835423
2	17924	40.0126	-6.0526	-11.299999999999999	-19.29719440484444
2	17932	40.0332	-6.0768	-11.7	-19.04788962399025
2	17940	40.0481	-6.0961	-12.2	-19.13099188018615
2	17942	40.0499	-6.099	-12.7	-19.04788962399025
2	17944	40.0511	-6.101	-13.0	-19.712689122008022
2	17946	40.0517	-6.1023	-13.399999999999999	-19.13099188018615
2	17948	40.0521	-6.1031	-13.7	-19.13099188018615
2	17950	40.0522	-6.1035	-14.0	-19.29719440484444
1	18000	40.0525	-6.1039	-14.299999999999999	-20.294353901600932
2	18002	40.0535	-6.1056	-14.6	-18.79857887983712
2	18004	40.0556	-6.1088	-14.899999999999999	-19.13099188018615
2	18006	40.0588	-6.1136	-15.2	-18.79857887983712
2	18016	40.085	-6.1557	-15.1	-19.29719440484444
2	18022	40.1002	-6.1834	-15.5	-18.881683123835423
2	18026	40.1099	-6.2023	-15.1	-18.299939500344554
2	18030	40.1191	-6.2221	-14.799999999999999	-18.881683123835423
2	18032	40.1233	-6.2323	-14.299999999999999	-19.13099188018615
2	18034	40.1274	-6.2426	-13.899999999999999	-18.881683123835423
2	18036	40.1315	-6.2528	-13.7	-18.549262172060214
2	18038	40.1351	-6.263	-13.2	-19.04788962399025
2	18040	40.1385	-6.2723	-12.799999999999999	-19.04788962399025
2	18046	40.1473	-6.2971	-12.399999999999999	-18.299939500344554
2	18048	40.1497	-6.3045	-12.1	-19.13099188018615
2	18054	40.1554	-6.3255	-11.799999999999999	-19.380294673336362
2	18056	40.1571	-6.332	-11.6	-20.045072970773006
2	18058	40.1588	-6.3384	-11.399999999999999	-19.62959150361089
2	18060	40.1605	-6.3446	-11.1	-19.62959150361089
2	18064	40.1636	-6.3563	-10.799999999999999	-20.460537876737522
2	18066	40.1651	-6.3618	-10.6	-19.878882371334555
2	18086	40.1715	-6.3848	-10.7	-20.460537876737522
2	18110	40.1954	-6.4701	-10.399999999999999	-18.881683123835423
2	18112	40.1983	-6.4798	-10.6	-19.463394279289822
2	18114	40.2014	-6.4897	-10.399999999999999	-19.21409347379437
2	18116	40.2043	-6.4992	-10.0	-18.96478670521652
2	18118	40.2072	-6.5088	-9.799999999999999	-19.463394279289822
2	18124	40.2159	-6.5358	-9.899999999999999	-18.96478670521652
2	18126	40.2187	-6.5443	-9.799999999999999	-19.463394279289822
2	18130	40.224	-6.5604	-9.7	-19.79578607791591
2	18132	40.2263	-6.5682	-9.5	-18.881683123835423
2	18134	40.2285	-6.5758	-9.2	-20.294353901600932
2	18136	40.2303	-6.5832	-9.299999999999999	-19.961978002283637
2	18138	40.2322	-6.5904	-9.0	-19.712689122008022
2	18140	40.234	-6.5973	-8.6	-19.961978002283637
2	18142	40.2358	-6.6042	-8.399999999999999	-20.045072970773006
2	18144	40.2378	-6.6113	-8.299999999999999	-19.546493222714666
2	18146	40.2399	-6.6186	-8.2	-19.961978002283637
2	18150	40.2445	-6.6342	-8.1	-19.79578607791591
2	18154	40.2494	-6.6508	-8.2	-19.79578607791591
2	18160	40.2572	-6.6771	-8.299999999999999	-20.460537876737522
2	18166	40.2645	-6.7019	-8.399999999999999	-19.21409347379437
2	18168	40.2668	-6.7096	-8.5	-18.96478670521652
2	18170	40.269	-6.7172	-8.7	-20.21126092042181
2	18172	40.2712	-6.7242	-9.1	-20.294353901600932
2	18174	40.273	-6.7304	-9.299999999999999	-19.463394279289822
2	18178	40.276	-6.7405	-9.399999999999999	-19.380294673336362
2	18184	40.2804	-6.7552	-9.6	-19.712689122008022
2	18186	40.2823	-6.7612	-10.0	-19.712689122008022
2	18188	40.2844	-6.768	-10.399999999999999	-19.463394279289822
2	18190	40.2867	-6.7756	-10.7	-19.21409347379437
2	18196	40.2941	-6.8008	-11.2	-19.13099188018615
1	18200	40.299	-6.8176	-11.2	-19.29719440484444
2	18204	40.3036	-6.8337	-11.0	-19.546493222714666
2	18206	40.3058	-6.8413	-11.2	-19.546493222714666
2	18212	40.3109	-6.8601	-11.5	-19.79578607791591
2	18238	40.3118	-6.8632	-11.5	-20.377446220369556
2	18242	40.3139	-6.8698	-11.1	-19.712689122008022
2	18244	40.3155	-6.8753	-10.899999999999999	-19.961978002283637
2	18246	40.3174	-6.8818	-10.7	-20.294353901600932
2	18254	40.3261	-6.9122	-10.6	-19.712689122008022
2	18258	40.331	-6.9295	-10.899999999999999	-20.294353901600932
2	18262	40.3362	-6.9486	-10.7	-19.29719440484444
2	18266	40.3419	-6.9682	-11.0	-19.546493222714666
2	18268	40.3445	-6.9779	-10.799999999999999	-20.045072970773006
2	18278	40.3572	-7.0214	-10.799999999999999	-19.463394279289822
2	18286	40.3656	-7.05	-10.399999999999999	-20.7928978784489
2	18306	40.3858	-7.1189	-10.1	-20.294353901600932
2	18308	40.3876	-7.1248	-10.399999999999999	-20.875986222990765
2	18310	40.3895	-7.1296	-10.6	-21.20833297798832
2	18312	40.392	-7.1328	-10.399999999999999	-20.709808871565443
2	18314	40.3955	-7.1346	-9.7	-20.294353901600932
2	18316	40.4002	-7.1349	-9.1	-20.543628870714674
2	18318	40.4061	-7.1346	-8.5	-19.878882371334555
2	18320	40.4125	-7.1345	-8.1	-19.712689122008022
2	18322	40.4187	-7.1347	-7.299999999999999	-19.878882371334555
2	18326	40.4322	-7.1358	-7.399999999999999	-19.712689122008022
2	18328	40.439	-7.1357	-7.299999999999999	-19.712689122008022
2	18330	40.4462	-7.1372	-7.5	-18.881683123835423
2	18332	40.4533	-7.1391	-7.299999999999999	-19.04788962399025
2	18334	40.4603	-7.1415	-7.199999999999999	-19.21409347379437
2	18336	40.4674	-7.1439	-6.699999999999999	-18.466155277494646
2	18338	40.4745	-7.1465	-6.299999999999999	-18.881683123835423
2	18340	40.4818	-7.1489	-6.0	-19.546493222714666
2	18342	40.4892	-7.1506	-6.399999999999999	-18.79857887983712
2	18344	40.4966	-7.1518	-7.299999999999999	-19.712689122008022
2	18350	40.518	-7.1513	-8.0	-19.712689122008022
2	18352	40.525	-7.1509	-8.299999999999999	-19.546493222714666
2	18354	40.5323	-7.1506	-8.6	-19.546493222714666
2	18356	40.5394	-7.1502	-9.2	-19.546493222714666
2	18358	40.5466	-7.1498	-9.399999999999999	-19.463394279289822
2	18360	40.5539	-7.1496	-9.5	-19.546493222714666
2	18362	40.5611	-7.1493	-9.7	-20.045072970773006
2	18364	40.5686	-7.149	-9.899999999999999	-20.377446220369556
2	18366	40.5761	-7.1489	-9.799999999999999	-18.79857887983712
2	18368	40.5837	-7.1488	-9.7	-20.045072970773006
2	18370	40.5912	-7.1488	-10.0	-20.543628870714674
2	18374	40.6058	-7.1488	-10.299999999999999	-19.79578607791591
2	18380	40.6282	-7.1486	-9.799999999999999	-19.62959150361089
2	18382	40.6355	-7.1484	-9.2	-20.045072970773006
2	18384	40.6426	-7.1483	-8.799999999999999	-20.1281672768125
2	18386	40.6497	-7.1481	-8.6	-20.294353901600932
2	18388	40.6566	-7.1479	-9.1	-20.1281672768125
2	18390	40.6639	-7.1473	-8.799999999999999	-19.21409347379437
2	18392	40.6714	-7.1469	-8.2	-19.21409347379437
2	18394	40.6786	-7.1466	-7.699999999999999	-18.79857887983712
2	18396	40.6856	-7.1466	-7.0	-17.80127626381734
2	18398	40.6925	-7.1465	-6.199999999999999	-16.803878209431854
1	18400	40.6997	-7.1469	-5.299999999999999	-15.640126495274625
2	18402	40.7071	-7.1471	-4.5	-14.642521587746856
2	18404	40.7147	-7.1472	-3.3999999999999986	-13.478528488982867
2	18406	40.7224	-7.1476	-2.5	-11.316482037102116
2	18408	40.7298	-7.1481	-1.3999999999999986	-9.486707696961865
2	18410	40.7372	-7.1483	-0.8000000000000007	-8.072571068770904
2	18412	40.7446	-7.1481	0.3000000000000007	-6.159021875139121
2	18414	40.7517	-7.1481	1.9000000000000021	-4.994080724331276
2	18416	40.7586	-7.1482	3.3000000000000007	-3.8290093140166204
2	18418	40.7654	-7.1479	5.300000000000001	-2.0811578907424733
2	18420	40.7724	-7.1477	6.600000000000001	-0.4995158089818874
2	18422	40.7794	-7.1475	8.3	0.9158411906839836
2	18424	40.7863	-7.1475	10.100000000000001	1.6652256894485218
2	18426	40.7933	-7.1473	11.8	2.997597911793691
2	18428	40.8002	-7.1471	13.8	3.663847929975513
2	18430	40.8069	-7.1469	15.400000000000002	5.079770713967406
2	18432	40.8133	-7.1468	16.7	5.829454815195456
2	18434	40.819	-7.1466	17.599999999999998	6.662500433022559
2	18436	40.8243	-7.1467	18.900000000000002	7.995512007203084
2	18438	40.8296	-7.1467	19.900000000000002	8.412113110149212
2	18440	40.8345	-7.1466	21.8	9.662016400465044
2	18442	40.8396	-7.1468	23.400000000000002	10.495368593483514
2	18444	40.845	-7.1469	24.400000000000002	11.078754802573641
2	18446	40.8504	-7.1471	25.500000000000004	12.16227303189624
2	18448	40.8558	-7.147	26.500000000000004	13.57935158490202
2	18450	40.8613	-7.1472	27.3	13.996176090346617
2	18452	40.867	-7.1476	28.400000000000002	14.663129999414684
2	18454	40.8726	-7.1476	29.2	15.747021204207757
2	18456	40.8783	-7.1476	30.000000000000004	16.580860436706786
2	18458	40.884	-7.1475	30.7	17.915142089623092
2	18460	40.8899	-7.1474	31.400000000000002	18.582347027977466
2	18462	40.8959	-7.1473	32.0	19.83347151525162
2	18464	40.9019	-7.1471	32.599999999999994	20.667638021665688
2	18468	40.9137	-7.1471	33.400000000000006	22.08587445435597
2	18470	40.9197	-7.1471	34.0	23.087098833434773
2	18472	40.9256	-7.147	34.8	24.004972425732245
2	18474	40.9315	-7.1469	35.5	25.256748640350327
2	18476	40.9375	-7.1468	36.3	26.75907876989158
2	18478	40.9434	-7.1467	37.400000000000006	27.176431166929042
2	18480	40.9491	-7.1466	38.7	27.84422980084223
2	18482	40.9547	-7.1466	40.599999999999994	28.512071269251425
2	18484	40.9605	-7.1466	42.0	29.0964676966009
2	18486	40.9665	-7.1465	43.099999999999994	29.430423240284828
2	18488	40.9726	-7.1463	43.7	29.931376641549246
2	18490	40.9787	-7.1461	44.3	30.599352007328907
2	18492	40.9847	-7.1461	44.8	31.016858375311582
2	18494	40.9908	-7.1462	45.400000000000006	31.10036165809791
2	18504	41.0202	-7.1464	47.3	33.7728204043273
2	18508	41.0318	-7.1458	48.0	35.192843202090664
2	18510	41.0375	-7.1455	48.599999999999994	36.362419203823364
2	18512	41.0433	-7.1454	49.39999999999999	36.61305972974621
2	18520	41.0657	-7.145	51.099999999999994	39.036229330626526
2	18522	41.0716	-7.1449	51.8	40.62412911872765
2	18524	41.0772	-7.1443	52.599999999999994	40.70770950234195
2	18526	41.0829	-7.1436	53.2	41.29279098022767
1	18600	41.1412	-7.3328	54.89999999999999	39.286934246101175
2	18604	41.1457	-7.3429	54.099999999999994	39.036229330626526
2	18608	41.1551	-7.3442	54.89999999999999	40.12266091030858
2	18612	41.167	-7.3399	55.8	41.45996315760409
2	18616	41.1789	-7.3345	55.2	42.21227118397601
2	18626	41.2063	-7.3293	53.099999999999994	41.209205898382066
2	18666	41.2849	-7.4419	50.5	36.529512217239116
2	18668	41.2853	-7.4506	49.89999999999999	35.77761477742629
2	18670	41.2857	-7.4593	49.39999999999999	36.11178471252356
2	18672	41.2858	-7.4676	48.89999999999999	34.942236868089815
2	18676	41.2859	-7.4813	47.89999999999999	33.856345795428254
2	18688	41.3075	-7.4905	47.2	36.78015676642774
2	18728	41.3372	-7.5731	47.099999999999994	32.185965286524905
2	18738	41.3519	-7.5873	48.099999999999994	34.357512215683116
2	18740	41.3581	-7.5864	48.89999999999999	35.69407396975843
2	18742	41.3645	-7.5859	49.39999999999999	36.86370629062185
2	18744	41.3708	-7.586	50.0	37.36501751852097
2	18756	41.4087	-7.5939	50.599999999999994	40.62412911872765
2	18758	41.415	-7.594	51.3	41.45996315760409
2	18760	41.421	-7.5937	52.39999999999999	42.04508692337118
2	18762	41.4266	-7.5931	53.5	43.382636205557446
2	18764	41.4319	-7.5927	54.5	43.466238743144224
2	18766	41.4371	-7.5925	55.599999999999994	43.63344583295285
2	18770	41.447	-7.5915	56.8	43.96786807140077
1	18800	41.5151	-7.595	56.0	44.135083220236936
2	18828	41.5433	-7.4961	55.5	47.229048159119614
2	18830	41.5451	-7.4901	54.39999999999999	47.56358595492468
2	18832	41.5472	-7.4841	53.8	47.229048159119614
2	18834	41.549	-7.4786	53.0	47.229048159119614
2	18836	41.5512	-7.4736	52.2	47.396315712814896
2	18838	41.5538	-7.4694	51.39999999999999	46.643632891095734
2	18846	41.5612	-7.4589	52.39999999999999	46.643632891095734
2	18868	41.5575	-7.4534	55.39999999999999	46.643632891095734
2	18906	41.5573	-7.4541	56.8	47.145415390401574
1	19000	41.5539	-7.4565	62.2	48.65090806549819
1	19200	41.5531	-7.4535	65.89999999999999	48.90184468644379
1	19400	41.5531	-7.4535	65.7	49.152787358283305
1	19600	41.5531	-7.4534	65.89999999999999	49.0691391286595
1	19800	41.5531	-7.4534	66.0	49.0691391286595
1	20000	41.553	-7.4534	66.39999999999999	48.818198473822356
1	20200	41.5535	-7.4535	67.1	48.06541281272545
1	20400	41.5536	-7.4536	67.2	48.818198473822356
1	20600	41.5539	-7.4538	67.7	48.56726386977085
1	20800	41.5539	-7.4538	67.8	48.65090806549819
1	21000	41.5539	-7.4538	67.8	49.2364362602642
1	21200	41.554	-7.4538	67.89999999999999	49.152787358283305
1	21400	41.5542	-7.4535	68.0	49.73834379234244
1	21600	41.5543	-7.4535	68.1	49.654690855963075
1	21800	41.5543	-7.4532	68.2	48.65090806549819
1	22000	41.5543	-7.4531	68.3	49.152787358283305
1	22200	41.5542	-7.453	68.3	48.734552933508795
1	22400	41.5541	-7.4529	68.3	48.734552933508795
1	22600	41.554	-7.4529	68.3	49.73834379234244
1	22800	41.5539	-7.4529	68.3	49.73834379234244
1	23000	41.5537	-7.453	68.1	49.73834379234244
1	23200	41.5536	-7.453	68.2	49.152787358283305
1	23400	41.552	-7.4542	69.1	49.0691391286595
1	23600	41.5528	-7.4552	69.89999999999999	49.4873870004774
1	23800	41.553	-7.4532	69.6	50.32393317609718
1	24000	41.5533	-7.4529	69.7	49.320085834616954
1	24200	41.5533	-7.453	69.89999999999999	49.90565168244806
1	24400	41.5533	-7.4529	70.1	50.07296226242499
1	24600	41.5534	-7.4529	70.6	50.491250481160876
1	24800	41.5535	-7.4528	70.89999999999999	50.07296226242499
1	25000	41.5536	-7.4527	71.0	50.993218537971735
1	25200	41.5538	-7.4528	71.39999999999999	49.90565168244806
1	25400	41.5537	-7.4528	71.39999999999999	49.5710385920097
1	25600	41.5536	-7.4528	71.5	50.07296226242499
1	25800	41.5536	-7.4528	71.7	49.654690855963075
1	26000	41.5535	-7.4527	71.89999999999999	49.90565168244806
1	26200	41.5531	-7.4529	72.3	49.40373608134648
1	26400	41.5529	-7.4532	72.8	49.5710385920097
1	26600	41.5507	-7.4566	70.7	49.654690855963075
1	26800	41.553	-7.4497	75.5	49.90565168244806
1	27000	41.553	-7.4496	75.5	50.658570476430555
1	27200	41.5527	-7.4493	75.39999999999999	50.15661856114103
1	27400	41.5526	-7.4493	75.5	50.15661856114103
1	27600	41.5535	-7.4523	78.1	50.742231482920936
1	27800	41.5536	-7.452	78.39999999999999	49.654690855963075
1	28000	41.5534	-7.4521	78.39999999999999	50.40759149235697
1	28200	41.5533	-7.4518	78.2	50.993218537971735
1	28400	41.5534	-7.4515	77.7	50.993218537971735
1	28600	41.5549	-7.4503	78.8	50.742231482920936
1	28800	41.5549	-7.4503	78.7	50.742231482920936
1	29000	41.5549	-7.4503	78.5	50.240275532361814
1	29200	41.5549	-7.4504	78.6	50.491250481160876
1	29400	41.5549	-7.4506	78.6	51.41154374903065
1	29600	41.5549	-7.4507	78.5	51.24421164663811
1	29800	41.5548	-7.4508	78.39999999999999	51.82988577719657
1	30000	41.5544	-7.452	77.7	51.82988577719657
1	30200	41.5544	-7.4521	77.6	51.57887854216071
1	30400	41.5545	-7.4518	77.6	52.41559287224995
1	30600	41.5543	-7.4514	78.2	52.080899066935686
1	30800	41.5544	-7.4514	78.3	51.57887854216071
1	31000	41.5545	-7.4515	78.5	51.82988577719657
1	31200	41.5545	-7.4515	78.5	51.91355620101726
1	31400	41.5544	-7.4515	78.3	51.41154374903065
1	31600	41.5543	-7.4517	78.2	51.57887854216071
1	31800	41.5542	-7.4518	78.2	52.16457150906297
1	32000	41.5542	-7.4518	78.2	52.248244623985364
1	32200	41.5542	-7.4519	78.1	52.49926800562167
1	32400	41.5539	-7.4522	77.8	53.08501277946052
1	32600	41.5537	-7.4526	77.3	53.00133293594717
1	32800	41.5537	-7.4528	77.2	52.16457150906297
1	33000	41.5536	-7.453	77.0	52.750297442832355
1	33200	41.5536	-7.4529	76.89999999999999	51.91355620101726
1	33400	41.5536	-7.4528	76.8	52.49926800562167
1	33600	41.5535	-7.4527	76.7	52.248244623985364
1	33800	41.5535	-7.4526	76.6	52.582943811832806
1	34000	41.5548	-7.457	78.39999999999999	52.833975267645386
1	34200	41.5533	-7.4565	78.89999999999999	52.41559287224995
1	34400	41.5534	-7.4561	79.0	52.750297442832355
1	34600	41.5535	-7.4557	78.89999999999999	53.252374485286
1	34800	41.5536	-7.4551	78.8	53.08501277946052
1	35000	41.5535	-7.4547	78.6	52.41559287224995
1	35200	41.5535	-7.4543	78.7	53.336056347617806
1	35400	41.5533	-7.4541	78.7	52.49926800562167
1	35600	41.5533	-7.4538	78.7	53.00133293594717
1	35800	41.5533	-7.4536	78.7	53.252374485286
1	36000	41.5532	-7.4535	78.5	53.336056347617806
1	36200	41.5532	-7.4535	78.39999999999999	53.503422091178614
1	36400	41.5531	-7.4536	78.1	54.089223393356356
1	36600	41.5526	-7.4537	78.0	53.67079052668273
1	36800	41.5523	-7.4536	77.7	53.58710597243222
1	37000	41.5521	-7.4537	77.6	53.503422091178614
1	37200	41.5522	-7.4537	77.39999999999999	54.172911985854036
1	37400	41.5523	-7.4532	76.89999999999999	53.503422091178614
1	37600	41.5524	-7.4532	76.8	54.172911985854036
1	37800	41.5523	-7.4531	76.6	53.754475753949826
1	38000	41.5522	-7.4531	76.39999999999999	53.336056347617806
1	38200	41.5523	-7.453	76.39999999999999	53.336056347617806
1	38400	41.5523	-7.453	76.3	54.172911985854036
1	38600	41.5523	-7.453	76.3	53.58710597243222
1	38800	41.5524	-7.453	76.2	54.34029119011573
1	39000	41.5523	-7.453	75.89999999999999	54.00553547392939
1	39200	41.5522	-7.4529	75.8	54.00553547392939
1	39400	41.5523	-7.4529	75.8	53.83816165423351
1	39600	41.5533	-7.4522	74.89999999999999	53.252374485286
1	39800	41.5545	-7.4517	72.89999999999999	53.754475753949826
1	40000	41.5545	-7.4517	73.0	54.172911985854036
1	40200	41.5523	-7.4487	73.8	53.83816165423351
1	40400	41.5528	-7.4532	69.6	54.42398180190433
1	40600	41.5532	-7.4529	70.1	53.16869329590188
1	40800	41.5532	-7.4529	70.1	53.754475753949826
1	41000	41.5534	-7.4528	70.1	53.58710597243222
1	41200	41.5533	-7.4526	70.1	54.00553547392939
1	41400	41.5534	-7.4523	70.1	54.5913650448463
1	41600	41.5534	-7.4522	70.3	54.00553547392939
1	41800	41.5534	-7.452	70.39999999999999	54.089223393356356
1	42000	41.5534	-7.4519	70.3	54.172911985854036
1	42200	41.5535	-7.4517	70.2	54.67505767602919
1	42400	41.5534	-7.4516	70.1	54.92613960856327
1	42600	41.5534	-7.4516	69.89999999999999	54.34029119011573
1	42800	41.5534	-7.4516	69.8	54.42398180190433
1	43000	41.5535	-7.4516	69.3	54.92613960856327
1	43200	41.5532	-7.4515	69.3	55.177227599821556
1	43400	41.5532	-7.4516	68.89999999999999	55.260924943350965
1	43600	41.5533	-7.4517	68.6	55.09353092952037
1	43800	41.5533	-7.4517	68.5	55.42832165014365
1	44000	41.5534	-7.4516	68.6	54.84244495787291
1	44200	41.5534	-7.4516	68.6	55.51202101342661
1	44400	41.5534	-7.4514	68.7	54.84244495787291
1	44600	41.5536	-7.4513	68.7	55.42832165014365
1	44800	41.5536	-7.4513	68.6	55.42832165014365
1	45000	41.5536	-7.4514	68.6	55.51202101342661
1	45200	41.5535	-7.4514	68.6	55.42832165014365
